section,a_no_b_no,a_no_b_yes,a_yes_b_no,a_yes_b_yes,ci_hi,ci_lo,classifier,coder,dimension,dominant_zone,dominant_zone_n,dominant_zone_weight,environment,kappa,mapping,mapping_desc,n,n_sample,p_hat_reweighted,population,raw_sample_prevalence,scope,sensitivity,specificity,weight_clear-none,weight_clear-specific,weight_grey,zone_clear-none_n,zone_clear-none_p,zone_clear-specific_n,zone_clear-specific_p,zone_grey_n,zone_grey_p
intercoder,100,5,14,29,0.7962727657772131,0.5194805194805195,,,specific_reference,,,,,0.6680830972615676,,,148,,,,,overall,,,,,,,,,,,
intercoder,37,0,0,0,1.0,1.0,,,specific_reference,,,,,1.0,,,37,,,,,commons/uniform_fair,,,,,,,,,,,
intercoder,25,2,9,1,0.3242009132420092,-0.18264840182648387,,,specific_reference,,,,,0.03325415676959648,,,37,,,,,commons/mixed,,,,,,,,,,,
intercoder,24,2,3,8,0.9237113402061857,0.3620689655172413,,,specific_reference,,,,,0.6678635547576304,,,37,,,,,triage/uniform_fair,,,,,,,,,,,
intercoder,14,1,2,20,1.0,0.6207906295754028,,,specific_reference,,,,,0.8335832083958022,,,37,,,,,triage/mixed,,,,,,,,,,,
intercoder,23,2,0,123,1.0,0.8673240699238013,,,generic_network_language,,,,,0.9502855223379242,,,148,,,,,overall,,,,,,,,,,,
intercoder,0,0,0,37,1.0,1.0,,,generic_network_language,,,,,1.0,,,37,,,,,commons/uniform_fair,,,,,,,,,,,
intercoder,12,0,0,25,1.0,1.0,,,generic_network_language,,,,,1.0,,,37,,,,,commons/mixed,,,,,,,,,,,
intercoder,4,0,0,33,1.0,1.0,,,generic_network_language,,,,,1.0,,,37,,,,,triage/uniform_fair,,,,,,,,,,,
intercoder,7,2,0,28,1.0,0.5487804878048778,,,generic_network_language,,,,,0.8412017167381974,,,37,,,,,triage/mixed,,,,,,,,,,,
mapping,,,,,0.47774244833068363,0.15956372450010095,keyword,coder1,,,,,,0.32029795158286783,A,specific_reference,146,,,,,overall,0.6428571428571429,0.7115384615384616,,,,,,,,,
mapping,,,,,1.0,1.0,keyword,coder1,,,,,,1.0,A,specific_reference,37,,,,,commons/uniform_fair,,1.0,,,,,,,,,
mapping,,,,,2.664535259100375e-16,-3.3306690738754706e-16,keyword,coder1,,,,,,0.0,A,specific_reference,36,,,,,commons/mixed,0.0,1.0,,,,,,,,,
mapping,,,,,0.18728323699421973,-0.18807339449541283,keyword,coder1,,,,,,0.007001166861143634,A,specific_reference,37,,,,,triage/uniform_fair,0.8181818181818182,0.19230769230769232,,,,,,,,,
mapping,,,,,0.5627530364372471,-0.04347826086956515,keyword,coder1,,,,,,0.2727272727272727,A,specific_reference,36,,,,,triage/mixed,0.8571428571428571,0.4,,,,,,,,,
mapping,,,,,0.2839237057220707,0.09573329255237804,keyword,coder1,,,,,,0.18582909627685743,B,generic_network_language,146,,,,,overall,0.45454545454545453,0.92,,,,,,,,,
mapping,,,,,0.0,0.0,keyword,coder1,,,,,,0.0,B,generic_network_language,37,,,,,commons/uniform_fair,0.0,,,,,,,,,,
mapping,,,,,9.516197353929913e-17,-8.688701931849052e-17,keyword,coder1,,,,,,-8.326672684688674e-17,B,generic_network_language,36,,,,,commons/mixed,0.0,1.0,,,,,,,,,
mapping,,,,,1.0,0.2510121457489883,keyword,coder1,,,,,,0.683760683760684,B,generic_network_language,37,,,,,triage/uniform_fair,0.9090909090909091,1.0,,,,,,,,,
mapping,,,,,0.9328358208955223,0.3999999999999999,keyword,coder1,,,,,,0.7037037037037036,B,generic_network_language,36,,,,,triage/mixed,0.9259259259259259,0.7777777777777778,,,,,,,,,
mapping,,,,,0.2840716942847481,0.11720930232558135,keyword,coder1,,,,,,0.19428664177893207,C,specific_reference OR generic_network_language,146,,,,,overall,0.456,1.0,,,,,,,,,
mapping,,,,,0.0,0.0,keyword,coder1,,,,,,0.0,C,specific_reference OR generic_network_language,37,,,,,commons/uniform_fair,0.0,,,,,,,,,,
mapping,,,,,9.516197353929913e-17,-8.688701931849052e-17,keyword,coder1,,,,,,-8.326672684688674e-17,C,specific_reference OR generic_network_language,36,,,,,commons/mixed,0.0,1.0,,,,,,,,,
mapping,,,,,0.8933717579250723,0.0,keyword,coder1,,,,,,0.5487804878048778,C,specific_reference OR generic_network_language,37,,,,,triage/uniform_fair,0.8823529411764706,1.0,,,,,,,,,
mapping,,,,,1.0,0.4285714285714286,keyword,coder1,,,,,,0.7499999999999999,C,specific_reference OR generic_network_language,36,,,,,triage/mixed,0.9,1.0,,,,,,,,,
mapping,,,,,0.6577361018084393,0.3668440764833432,judge,coder1,,,,,,0.5194308770439585,A,specific_reference,146,,,,,overall,0.7619047619047619,0.7980769230769231,,,,,,,,,
mapping,,,,,1.0,1.0,judge,coder1,,,,,,1.0,A,specific_reference,37,,,,,commons/uniform_fair,,1.0,,,,,,,,,
mapping,,,,,0.32835820895522394,-0.19337016574585641,judge,coder1,,,,,,0.029411764705882477,A,specific_reference,36,,,,,commons/mixed,0.1,0.9230769230769231,,,,,,,,,
mapping,,,,,0.43706777316735834,0.01390498261877177,judge,coder1,,,,,,0.21079046424090347,A,specific_reference,37,,,,,triage/uniform_fair,0.9090909090909091,0.38461538461538464,,,,,,,,,
mapping,,,,,1.0,0.6012658227848101,judge,coder1,,,,,,0.8235294117647058,A,specific_reference,36,,,,,triage/mixed,1.0,0.8,,,,,,,,,
mapping,,,,,0.18819503849443964,0.0018031555221637463,judge,coder1,,,,,,0.09460963587215768,B,generic_network_language,146,,,,,overall,0.39669421487603307,0.8,,,,,,,,,
mapping,,,,,0.0,0.0,judge,coder1,,,,,,0.0,B,generic_network_language,37,,,,,commons/uniform_fair,0.0,,,,,,,,,,
mapping,,,,,0.22222222222222232,0.0,judge,coder1,,,,,,0.08695652173913039,B,generic_network_language,36,,,,,commons/mixed,0.125,1.0,,,,,,,,,
mapping,,,,,0.44539614561027846,-0.1490683229813663,judge,coder1,,,,,,0.12847965738758038,B,generic_network_language,37,,,,,triage/uniform_fair,0.7272727272727273,0.5,,,,,,,,,
mapping,,,,,0.7000000000000001,0.047058823529411965,judge,coder1,,,,,,0.39999999999999997,B,generic_network_language,36,,,,,triage/mixed,0.7777777777777778,0.6666666666666666,,,,,,,,,
mapping,,,,,0.236633496373756,0.07841211951185297,judge,coder1,,,,,,0.15182917255456116,C,specific_reference OR generic_network_language,146,,,,,overall,0.416,0.9523809523809523,,,,,,,,,
mapping,,,,,0.0,0.0,judge,coder1,,,,,,0.0,C,specific_reference OR generic_network_language,37,,,,,commons/uniform_fair,0.0,,,,,,,,,,
mapping,,,,,0.22335025380710657,0.0,judge,coder1,,,,,,0.08695652173913039,C,specific_reference OR generic_network_language,36,,,,,commons/mixed,0.125,1.0,,,,,,,,,
mapping,,,,,0.4825174825174826,-0.09703504043126675,judge,coder1,,,,,,0.18141592920353986,C,specific_reference OR generic_network_language,37,,,,,triage/uniform_fair,0.7352941176470589,0.6666666666666666,,,,,,,,,
mapping,,,,,0.8399999999999999,0.26530612244897994,judge,coder1,,,,,,0.5714285714285715,C,specific_reference OR generic_network_language,36,,,,,triage/mixed,0.8,1.0,,,,,,,,,
mapping,,,,,0.5372424722662441,0.23849457966864387,keyword,coder2,,,,,,0.3907554033811258,A,specific_reference,146,,,,,overall,0.78125,0.7192982456140351,,,,,,,,,
mapping,,,,,1.0,1.0,keyword,coder2,,,,,,1.0,A,specific_reference,37,,,,,commons/uniform_fair,,1.0,,,,,,,,,
mapping,,,,,1.0,0.0,keyword,coder2,,,,,,0.0,A,specific_reference,36,,,,,commons/mixed,0.0,1.0,,,,,,,,,
mapping,,,,,0.16289592760181004,-0.2046511627906977,keyword,coder2,,,,,,-0.009090909090909033,A,specific_reference,37,,,,,triage/uniform_fair,0.8,0.18518518518518517,,,,,,,,,
mapping,,,,,0.5263157894736842,-0.0706319702602231,keyword,coder2,,,,,,0.2352941176470587,A,specific_reference,36,,,,,triage/mixed,0.85,0.375,,,,,,,,,
mapping,,,,,0.3075386919620569,0.13474734872114777,keyword,coder2,,,,,,0.21390112579539886,B,generic_network_language,146,,,,,overall,0.4634146341463415,1.0,,,,,,,,,
mapping,,,,,0.0,0.0,keyword,coder2,,,,,,0.0,B,generic_network_language,37,,,,,commons/uniform_fair,0.0,,,,,,,,,,
mapping,,,,,9.516197353929913e-17,-8.688701931849052e-17,keyword,coder2,,,,,,-8.326672684688674e-17,B,generic_network_language,36,,,,,commons/mixed,0.0,1.0,,,,,,,,,
mapping,,,,,1.0,0.2510121457489883,keyword,coder2,,,,,,0.683760683760684,B,generic_network_language,37,,,,,triage/uniform_fair,0.9090909090909091,1.0,,,,,,,,,
mapping,,,,,1.0,0.5471698113207545,keyword,coder2,,,,,,0.8399999999999999,B,generic_network_language,36,,,,,triage/mixed,0.9310344827586207,1.0,,,,,,,,,
mapping,,,,,0.2840716942847481,0.11720930232558135,keyword,coder2,,,,,,0.19428664177893207,C,specific_reference OR generic_network_language,146,,,,,overall,0.456,1.0,,,,,,,,,
mapping,,,,,0.0,0.0,keyword,coder2,,,,,,0.0,C,specific_reference OR generic_network_language,37,,,,,commons/uniform_fair,0.0,,,,,,,,,,
mapping,,,,,9.516197353929913e-17,-8.688701931849052e-17,keyword,coder2,,,,,,-8.326672684688674e-17,C,specific_reference OR generic_network_language,36,,,,,commons/mixed,0.0,1.0,,,,,,,,,
mapping,,,,,0.8933717579250723,0.0,keyword,coder2,,,,,,0.5487804878048778,C,specific_reference OR generic_network_language,37,,,,,triage/uniform_fair,0.8823529411764706,1.0,,,,,,,,,
mapping,,,,,1.0,0.4285714285714286,keyword,coder2,,,,,,0.7499999999999999,C,specific_reference OR generic_network_language,36,,,,,triage/mixed,0.9,1.0,,,,,,,,,
mapping,,,,,0.7539128340958342,0.49341947834410155,judge,coder2,,,,,,0.6276336216455978,A,specific_reference,146,,,,,overall,0.96875,0.8070175438596491,,,,,,,,,
mapping,,,,,1.0,1.0,judge,coder2,,,,,,1.0,A,specific_reference,37,,,,,commons/uniform_fair,,1.0,,,,,,,,,
mapping,,,,,1.0,0.0,judge,coder2,,,,,,0.7857142857142857,A,specific_reference,36,,,,,commons/mixed,1.0,0.9705882352941176,,,,,,,,,
mapping,,,,,0.39344262295081966,-0.01092896174863381,judge,coder2,,,,,,0.17980295566502463,A,specific_reference,37,,,,,triage/uniform_fair,0.9,0.37037037037037035,,,,,,,,,
mapping,,,,,0.9433962264150944,0.5428571428571428,judge,coder2,,,,,,0.7692307692307692,A,specific_reference,36,,,,,triage/mixed,1.0,0.75,,,,,,,,,
mapping,,,,,0.21168810544703834,0.04053840063341263,judge,coder2,,,,,,0.12340022120398164,B,generic_network_language,146,,,,,overall,0.4065040650406504,0.8695652173913043,,,,,,,,,
mapping,,,,,0.0,0.0,judge,coder2,,,,,,0.0,B,generic_network_language,37,,,,,commons/uniform_fair,0.0,,,,,,,,,,
mapping,,,,,0.22222222222222232,0.0,judge,coder2,,,,,,0.08695652173913039,B,generic_network_language,36,,,,,commons/mixed,0.125,1.0,,,,,,,,,
mapping,,,,,0.44539614561027846,-0.1490683229813663,judge,coder2,,,,,,0.12847965738758038,B,generic_network_language,37,,,,,triage/uniform_fair,0.7272727272727273,0.5,,,,,,,,,
mapping,,,,,0.798507462686567,0.18181818181818174,judge,coder2,,,,,,0.5116279069767444,B,generic_network_language,36,,,,,triage/mixed,0.7931034482758621,0.8571428571428571,,,,,,,,,
mapping,,,,,0.236633496373756,0.07841211951185297,judge,coder2,,,,,,0.15182917255456116,C,specific_reference OR generic_network_language,146,,,,,overall,0.416,0.9523809523809523,,,,,,,,,
mapping,,,,,0.0,0.0,judge,coder2,,,,,,0.0,C,specific_reference OR generic_network_language,37,,,,,commons/uniform_fair,0.0,,,,,,,,,,
mapping,,,,,0.22335025380710657,0.0,judge,coder2,,,,,,0.08695652173913039,C,specific_reference OR generic_network_language,36,,,,,commons/mixed,0.125,1.0,,,,,,,,,
mapping,,,,,0.4825174825174826,-0.09703504043126675,judge,coder2,,,,,,0.18141592920353986,C,specific_reference OR generic_network_language,37,,,,,triage/uniform_fair,0.7352941176470589,0.6666666666666666,,,,,,,,,
mapping,,,,,0.8399999999999999,0.26530612244897994,judge,coder2,,,,,,0.5714285714285715,C,specific_reference OR generic_network_language,36,,,,,triage/mixed,0.8,1.0,,,,,,,,,
mapping,,,,,0.5162130177514793,0.22037379338673227,keyword,adjudicated,,,,,,0.3686486486486487,A,specific_reference,146,,,,,overall,0.7931034482758621,0.7094017094017094,,,,,,,,,
mapping,,,,,1.0,1.0,keyword,adjudicated,,,,,,1.0,A,specific_reference,37,,,,,commons/uniform_fair,,1.0,,,,,,,,,
mapping,,,,,1.0,0.0,keyword,adjudicated,,,,,,0.0,A,specific_reference,36,,,,,commons/mixed,0.0,1.0,,,,,,,,,
mapping,,,,,0.18539976825028973,-0.10631229235880399,keyword,adjudicated,,,,,,0.041036717062635036,A,specific_reference,37,,,,,triage/uniform_fair,0.875,0.20689655172413793,,,,,,,,,
mapping,,,,,0.48407643312101917,-0.09090909090909076,keyword,adjudicated,,,,,,0.2,A,specific_reference,36,,,,,triage/mixed,0.8421052631578947,0.35294117647058826,,,,,,,,,
mapping,,,,,0.2839237057220707,0.09573329255237804,keyword,adjudicated,,,,,,0.18582909627685743,B,generic_network_language,146,,,,,overall,0.45454545454545453,0.92,,,,,,,,,
mapping,,,,,0.0,0.0,keyword,adjudicated,,,,,,0.0,B,generic_network_language,37,,,,,commons/uniform_fair,0.0,,,,,,,,,,
mapping,,,,,9.516197353929913e-17,-8.688701931849052e-17,keyword,adjudicated,,,,,,-8.326672684688674e-17,B,generic_network_language,36,,,,,commons/mixed,0.0,1.0,,,,,,,,,
mapping,,,,,1.0,0.2510121457489883,keyword,adjudicated,,,,,,0.683760683760684,B,generic_network_language,37,,,,,triage/uniform_fair,0.9090909090909091,1.0,,,,,,,,,
mapping,,,,,0.9328358208955223,0.3999999999999999,keyword,adjudicated,,,,,,0.7037037037037036,B,generic_network_language,36,,,,,triage/mixed,0.9259259259259259,0.7777777777777778,,,,,,,,,
mapping,,,,,0.2840716942847481,0.11720930232558135,keyword,adjudicated,,,,,,0.19428664177893207,C,specific_reference OR generic_network_language,146,,,,,overall,0.456,1.0,,,,,,,,,
mapping,,,,,0.0,0.0,keyword,adjudicated,,,,,,0.0,C,specific_reference OR generic_network_language,37,,,,,commons/uniform_fair,0.0,,,,,,,,,,
mapping,,,,,9.516197353929913e-17,-8.688701931849052e-17,keyword,adjudicated,,,,,,-8.326672684688674e-17,C,specific_reference OR generic_network_language,36,,,,,commons/mixed,0.0,1.0,,,,,,,,,
mapping,,,,,0.8933717579250723,0.0,keyword,adjudicated,,,,,,0.5487804878048778,C,specific_reference OR generic_network_language,37,,,,,triage/uniform_fair,0.8823529411764706,1.0,,,,,,,,,
mapping,,,,,1.0,0.4285714285714286,keyword,adjudicated,,,,,,0.7499999999999999,C,specific_reference OR generic_network_language,36,,,,,triage/mixed,0.9,1.0,,,,,,,,,
mapping,,,,,0.7059571761712954,0.4356992269852423,judge,adjudicated,,,,,,0.573387278040009,A,specific_reference,146,,,,,overall,0.9655172413793104,0.7863247863247863,,,,,,,,,
mapping,,,,,1.0,1.0,judge,adjudicated,,,,,,1.0,A,specific_reference,37,,,,,commons/uniform_fair,,1.0,,,,,,,,,
mapping,,,,,1.0,0.0,judge,adjudicated,,,,,,0.7857142857142857,A,specific_reference,36,,,,,commons/mixed,1.0,0.9705882352941176,,,,,,,,,
mapping,,,,,0.31117021276595747,-0.05463182897862222,judge,adjudicated,,,,,,0.12114014251781481,A,specific_reference,37,,,,,triage/uniform_fair,0.875,0.3448275862068966,,,,,,,,,
mapping,,,,,0.9361702127659575,0.4782608695652174,judge,adjudicated,,,,,,0.7169811320754718,A,specific_reference,36,,,,,triage/mixed,1.0,0.7058823529411765,,,,,,,,,
mapping,,,,,0.18819503849443964,0.0018031555221637463,judge,adjudicated,,,,,,0.09460963587215768,B,generic_network_language,146,,,,,overall,0.39669421487603307,0.8,,,,,,,,,
mapping,,,,,0.0,0.0,judge,adjudicated,,,,,,0.0,B,generic_network_language,37,,,,,commons/uniform_fair,0.0,,,,,,,,,,
mapping,,,,,0.22222222222222232,0.0,judge,adjudicated,,,,,,0.08695652173913039,B,generic_network_language,36,,,,,commons/mixed,0.125,1.0,,,,,,,,,
mapping,,,,,0.44539614561027846,-0.1490683229813663,judge,adjudicated,,,,,,0.12847965738758038,B,generic_network_language,37,,,,,triage/uniform_fair,0.7272727272727273,0.5,,,,,,,,,
mapping,,,,,0.7000000000000001,0.047058823529411965,judge,adjudicated,,,,,,0.39999999999999997,B,generic_network_language,36,,,,,triage/mixed,0.7777777777777778,0.6666666666666666,,,,,,,,,
mapping,,,,,0.236633496373756,0.07841211951185297,judge,adjudicated,,,,,,0.15182917255456116,C,specific_reference OR generic_network_language,146,,,,,overall,0.416,0.9523809523809523,,,,,,,,,
mapping,,,,,0.0,0.0,judge,adjudicated,,,,,,0.0,C,specific_reference OR generic_network_language,37,,,,,commons/uniform_fair,0.0,,,,,,,,,,
mapping,,,,,0.22335025380710657,0.0,judge,adjudicated,,,,,,0.08695652173913039,C,specific_reference OR generic_network_language,36,,,,,commons/mixed,0.125,1.0,,,,,,,,,
mapping,,,,,0.4825174825174826,-0.09703504043126675,judge,adjudicated,,,,,,0.18141592920353986,C,specific_reference OR generic_network_language,37,,,,,triage/uniform_fair,0.7352941176470589,0.6666666666666666,,,,,,,,,
mapping,,,,,0.8399999999999999,0.26530612244897994,judge,adjudicated,,,,,,0.5714285714285715,C,specific_reference OR generic_network_language,36,,,,,triage/mixed,0.8,1.0,,,,,,,,,
prevalence_raw,,,,,,,,coder1,specific_reference,,,,commons,,,,,37,,uniform_fair,0,,,,,,,7,0,10,0,20,0
prevalence_raw,,,,,,,,coder1,generic_network_language,,,,commons,,,,,37,,uniform_fair,1,,,,,,,7,1,10,1,20,1
prevalence_raw,,,,,,,,coder1,specific_reference,,,,commons,,,,,36,,mixed,0.2777777777777778,,,,,,,7,0,10,0.1,19,0.47368421052631576
prevalence_raw,,,,,,,,coder1,generic_network_language,,,,commons,,,,,36,,mixed,0.6666666666666666,,,,,,,7,0.14285714285714285,10,0.4,19,1
prevalence_raw,,,,,,,,coder1,specific_reference,,,,triage,,,,,37,,uniform_fair,0.2972972972972973,,,,,,,7,0.2857142857142857,10,0.8,20,0.05
prevalence_raw,,,,,,,,coder1,generic_network_language,,,,triage,,,,,37,,uniform_fair,0.8918918918918919,,,,,,,7,0.42857142857142855,10,1,20,1
prevalence_raw,,,,,,,,coder1,specific_reference,,,,triage,,,,,36,,mixed,0.5833333333333334,,,,,,,7,0.14285714285714285,9,1,20,0.55
prevalence_raw,,,,,,,,coder1,generic_network_language,,,,triage,,,,,36,,mixed,0.75,,,,,,,7,0,9,0.7777777777777778,20,1
prevalence_raw,,,,,,,,coder2,specific_reference,,,,commons,,,,,37,,uniform_fair,0,,,,,,,7,0,10,0,20,0
prevalence_raw,,,,,,,,coder2,generic_network_language,,,,commons,,,,,37,,uniform_fair,1,,,,,,,7,1,10,1,20,1
prevalence_raw,,,,,,,,coder2,specific_reference,,,,commons,,,,,36,,mixed,0.05555555555555555,,,,,,,7,0,10,0.2,19,0
prevalence_raw,,,,,,,,coder2,generic_network_language,,,,commons,,,,,36,,mixed,0.6666666666666666,,,,,,,7,0.14285714285714285,10,0.4,19,1
prevalence_raw,,,,,,,,coder2,specific_reference,,,,triage,,,,,37,,uniform_fair,0.2702702702702703,,,,,,,7,0.2857142857142857,10,0.6,20,0.1
prevalence_raw,,,,,,,,coder2,generic_network_language,,,,triage,,,,,37,,uniform_fair,0.8918918918918919,,,,,,,7,0.42857142857142855,10,1,20,1
prevalence_raw,,,,,,,,coder2,specific_reference,,,,triage,,,,,36,,mixed,0.5555555555555556,,,,,,,7,0.14285714285714285,9,0.7777777777777778,20,0.6
prevalence_raw,,,,,,,,coder2,generic_network_language,,,,triage,,,,,36,,mixed,0.8055555555555556,,,,,,,7,0,9,1,20,1
prevalence_reweighted,,,,,0.0,0.0,,coder1,specific_reference,grey,20,0.9935058169821149,commons,,,,,37,0.0,uniform_fair,,,,,0.0019100538287897205,0.004584129189095329,0.9935058169821149,,,,,,
prevalence_reweighted,,,,,1.0,1.0,,coder1,generic_network_language,grey,20,0.9935058169821149,commons,,,,,37,1.0,uniform_fair,,,,,0.0019100538287897205,0.004584129189095329,0.9935058169821149,,,,,,
prevalence_reweighted,,,,,0.29297750761847435,0.11182759709674721,,coder1,specific_reference,clear-none,7,0.5639263551977024,commons,,,,,36,0.2024025523576108,mixed,,,,,0.5639263551977024,0.011128775834658187,0.4249448689676394,,,,,,
prevalence_reweighted,,,,,0.6721919805411267,0.427170624134571,,coder1,generic_network_language,clear-none,7,0.5639263551977024,commons,,,,,36,0.5099572871868887,mixed,,,,,0.5639263551977024,0.011128775834658187,0.4249448689676394,,,,,,
prevalence_reweighted,,,,,0.6435649756775539,0.3334572619874913,,coder1,specific_reference,clear-specific,10,0.6028492008339125,triage,,,,,37,0.507640722724114,uniform_fair,,,,,0.02334954829742877,0.6028492008339125,0.3738012508686588,,,,,,
prevalence_reweighted,,,,,0.9966643502432245,0.9799861014593468,,coder1,generic_network_language,clear-specific,10,0.6028492008339125,triage,,,,,37,0.9866574009728979,uniform_fair,,,,,0.02334954829742877,0.6028492008339125,0.3738012508686588,,,,,,
prevalence_reweighted,,,,,0.6767868299697526,0.45627212773342585,,coder1,specific_reference,clear-none,7,0.4123568205484207,triage,,,,,36,0.5480230078841671,mixed,,,,,0.4123568205484207,0.36869142658799026,0.21895175286358903,,,,,,
prevalence_reweighted,,,,,0.5876431794515793,0.38281460912491805,,coder1,generic_network_language,clear-none,7,0.4123568205484207,triage,,,,,36,0.5057117513209148,mixed,,,,,0.4123568205484207,0.36869142658799026,0.21895175286358903,,,,,,
prevalence_reweighted,,,,,0.0,0.0,,coder2,specific_reference,grey,20,0.9935058169821149,commons,,,,,37,0.0,uniform_fair,,,,,0.0019100538287897205,0.004584129189095329,0.9935058169821149,,,,,,
prevalence_reweighted,,,,,1.0,1.0,,coder2,generic_network_language,grey,20,0.9935058169821149,commons,,,,,37,1.0,uniform_fair,,,,,0.0019100538287897205,0.004584129189095329,0.9935058169821149,,,,,,
prevalence_reweighted,,,,,0.005564387917329093,0.0,,coder2,specific_reference,clear-none,7,0.5639263551977024,commons,,,,,36,0.0022257551669316376,mixed,,,,,0.5639263551977024,0.011128775834658187,0.4249448689676394,,,,,,
prevalence_reweighted,,,,,0.6721919805411267,0.427170624134571,,coder2,generic_network_language,clear-none,7,0.5639263551977024,commons,,,,,36,0.5099572871868887,mixed,,,,,0.5639263551977024,0.011128775834658187,0.4249448689676394,,,,,,
prevalence_reweighted,,,,,0.5866157053509381,0.20621612230715777,,coder2,specific_reference,clear-specific,10,0.6028492008339125,triage,,,,,37,0.40576094510076444,uniform_fair,,,,,0.02334954829742877,0.6028492008339125,0.3738012508686588,,,,,,
prevalence_reweighted,,,,,0.9966643502432245,0.9799861014593468,,coder2,generic_network_language,clear-specific,10,0.6028492008339125,triage,,,,,37,0.9866574009728979,uniform_fair,,,,,0.02334954829742877,0.6028492008339125,0.3738012508686588,,,,,,
prevalence_reweighted,,,,,0.6329964793970347,0.32807667090902076,,coder2,specific_reference,clear-none,7,0.4123568205484207,triage,,,,,36,0.47703916739668206,mixed,,,,,0.4123568205484207,0.36869142658799026,0.21895175286358903,,,,,,
prevalence_reweighted,,,,,0.5876431794515793,0.5876431794515793,,coder2,generic_network_language,clear-none,7,0.4123568205484207,triage,,,,,36,0.5876431794515793,mixed,,,,,0.4123568205484207,0.36869142658799026,0.21895175286358903,,,,,,
prevalence_reweighted,,,,,0.0,0.0,,adjudicated,specific_reference,grey,20,0.9935058169821149,commons,,,,,37,0.0,uniform_fair,,,,,0.0019100538287897205,0.004584129189095329,0.9935058169821149,,,,,,
prevalence_reweighted,,,,,1.0,1.0,,adjudicated,generic_network_language,grey,20,0.9935058169821149,commons,,,,,37,1.0,uniform_fair,,,,,0.0019100538287897205,0.004584129189095329,0.9935058169821149,,,,,,
prevalence_reweighted,,,,,0.005564387917329093,0.0,,adjudicated,specific_reference,clear-none,7,0.5639263551977024,commons,,,,,36,0.0022257551669316376,mixed,,,,,0.5639263551977024,0.011128775834658187,0.4249448689676394,,,,,,
prevalence_reweighted,,,,,0.6721919805411267,0.427170624134571,,adjudicated,generic_network_language,clear-none,7,0.5639263551977024,commons,,,,,36,0.5099572871868887,mixed,,,,,0.5639263551977024,0.011128775834658187,0.4249448689676394,,,,,,
prevalence_reweighted,,,,,0.5645899930507298,0.18752605976372483,,adjudicated,specific_reference,clear-specific,10,0.6028492008339125,triage,,,,,37,0.38373523280055594,uniform_fair,,,,,0.02334954829742877,0.6028492008339125,0.3738012508686588,,,,,,
prevalence_reweighted,,,,,0.9966643502432245,0.9799861014593468,,adjudicated,generic_network_language,clear-specific,10,0.6028492008339125,triage,,,,,37,0.9866574009728979,uniform_fair,,,,,0.02334954829742877,0.6028492008339125,0.3738012508686588,,,,,,
prevalence_reweighted,,,,,0.6288263003917289,0.3143044467584558,,adjudicated,specific_reference,clear-none,7,0.4123568205484207,triage,,,,,36,0.4660915797535027,mixed,,,,,0.4123568205484207,0.36869142658799026,0.21895175286358903,,,,,,
prevalence_reweighted,,,,,0.5876431794515793,0.38281460912491805,,adjudicated,generic_network_language,clear-none,7,0.4123568205484207,triage,,,,,36,0.5057117513209148,mixed,,,,,0.4123568205484207,0.36869142658799026,0.21895175286358903,,,,,,
